{
  "Compuerta Y1": {
    "Epoca 1": {
      "Patron(1)-T+0": {
        "NET": 0.26,
        "W10": -0.26,
        "W11": -0.44,
        "W12": 0.13,
        "YD": 0,
        "x0": 0,
        "Y0p1": 1,
        "Ep1": -1
      }
    },
    "Epoca 2": {
      "Patron(1)-T+1": {
        "NET": -0.24,
        "W10": 0.24,
        "W11": -0.44,
        "W12": 0.13,
        "YD": 0,
        "x0": 0,
        "Y0p1": 0,
        "Ep1": 0
      },
      "Patron(2)-T+1": {
        "NET": -0.6799999999999999,
        "W10": 0.24,
        "W11": -0.44,
        "W12": 0.13,
        "YD": 1,
        "x1": 1,
        "Y0p2": 0,
        "Ep2": 1
      }
    },
    "Epoca 3": {
      "Patron(1)-T+2": {
        "NET": 0.26,
        "W10": -0.26,
        "W11": 0.06,
        "W12": 0.13,
        "YD": 0,
        "x0": 0,
        "Y0p1": 1,
        "Ep1": -1
      }
    },
    "Epoca 4": {
      "Patron(1)-T+3": {
        "NET": -0.24,
        "W10": 0.24,
        "W11": 0.06,
        "W12": 0.13,
        "YD": 0,
        "x0": 0,
        "Y0p1": 0,
        "Ep1": 0
      },
      "Patron(2)-T+3": {
        "NET": -0.18,
        "W10": 0.24,
        "W11": 0.06,
        "W12": 0.13,
        "YD": 1,
        "x1": 1,
        "Y0p2": 0,
        "Ep2": 1
      }
    },
    "Epoca 5": {
      "Patron(1)-T+4": {
        "NET": 0.26,
        "W10": -0.26,
        "W11": 0.56,
        "W12": 0.13,
        "YD": 0,
        "x0": 0,
        "Y0p1": 1,
        "Ep1": -1
      }
    },
    "Epoca 6": {
      "Patron(1)-T+5": {
        "NET": -0.24,
        "W10": 0.24,
        "W11": 0.56,
        "W12": 0.13,
        "YD": 0,
        "x0": 0,
        "Y0p1": 0,
        "Ep1": 0
      },
      "Patron(2)-T+5": {
        "NET": 0.32000000000000006,
        "W10": 0.24,
        "W11": 0.56,
        "W12": 0.13,
        "YD": 1,
        "x1": 1,
        "Y0p2": 1,
        "Ep2": 0
      },
      "Patron(3)-T+5": {
        "NET": -0.10999999999999999,
        "W10": 0.24,
        "W11": 0.56,
        "W12": 0.13,
        "YD": 0,
        "x2": -1,
        "Y0p3": 0,
        "Ep3": 0
      },
      "Patron(4)-T+5": {
        "NET": 0.45000000000000007,
        "W10": 0.24,
        "W11": 0.56,
        "W12": 0.13,
        "YD": 0,
        "x3": 0,
        "Y0p4": 1,
        "Ep4": -1
      }
    },
    "Epoca 7": {
      "Patron(1)-T+6": {
        "NET": -0.74,
        "W10": 0.74,
        "W11": 0.06,
        "W12": -0.37,
        "YD": 0,
        "x0": 0,
        "Y0p1": 0,
        "Ep1": 0
      },
      "Patron(2)-T+6": {
        "NET": -0.6799999999999999,
        "W10": 0.74,
        "W11": 0.06,
        "W12": -0.37,
        "YD": 1,
        "x1": 1,
        "Y0p2": 0,
        "Ep2": 1
      }
    },
    "Epoca 8": {
      "Patron(1)-T+7": {
        "NET": -0.24,
        "W10": 0.24,
        "W11": 0.56,
        "W12": -0.37,
        "YD": 0,
        "x0": 0,
        "Y0p1": 0,
        "Ep1": 0
      },
      "Patron(2)-T+7": {
        "NET": 0.32000000000000006,
        "W10": 0.24,
        "W11": 0.56,
        "W12": -0.37,
        "YD": 1,
        "x1": 1,
        "Y0p2": 1,
        "Ep2": 0
      },
      "Patron(3)-T+7": {
        "NET": -0.61,
        "W10": 0.24,
        "W11": 0.56,
        "W12": -0.37,
        "YD": 0,
        "x2": -1,
        "Y0p3": 0,
        "Ep3": 0
      },
      "Patron(4)-T+7": {
        "NET": -0.04999999999999993,
        "W10": 0.24,
        "W11": 0.56,
        "W12": -0.37,
        "YD": 0,
        "x3": 0,
        "Y0p4": 0,
        "Ep4": 0
      }
    },
    "Pesos ideales: ": {
      "w10": 0.24,
      "w11": 0.56,
      "w12": -0.37
    }
  },
  "Compuerta Y2": {
    "Epoca 1": {
      "Patron(1)-T+0": {
        "NET": -0.53,
        "W10": 0.53,
        "W11": 0.7,
        "W12": -0.96,
        "YD": 0,
        "x0": 0,
        "Y0p1": 0,
        "Ep1": 0
      },
      "Patron(2)-T+0": {
        "NET": 0.16999999999999993,
        "W10": 0.53,
        "W11": 0.7,
        "W12": -0.96,
        "YD": 0,
        "x1": 1,
        "Y0p2": 1,
        "Ep2": -1
      }
    },
    "Epoca 2": {
      "Patron(1)-T+1": {
        "NET": -1.03,
        "W10": 1.03,
        "W11": 0.2,
        "W12": -0.96,
        "YD": 0,
        "x0": 0,
        "Y0p1": 0,
        "Ep1": 0
      },
      "Patron(2)-T+1": {
        "NET": -0.8300000000000001,
        "W10": 1.03,
        "W11": 0.2,
        "W12": -0.96,
        "YD": 0,
        "x1": 1,
        "Y0p2": 0,
        "Ep2": 0
      },
      "Patron(3)-T+1": {
        "NET": -1.99,
        "W10": 1.03,
        "W11": 0.2,
        "W12": -0.96,
        "YD": 1,
        "x2": -1,
        "Y0p3": 0,
        "Ep3": 1
      }
    },
    "Epoca 3": {
      "Patron(1)-T+2": {
        "NET": -0.53,
        "W10": 0.53,
        "W11": 0.2,
        "W12": -0.46,
        "YD": 0,
        "x0": 0,
        "Y0p1": 0,
        "Ep1": 0
      },
      "Patron(2)-T+2": {
        "NET": -0.33,
        "W10": 0.53,
        "W11": 0.2,
        "W12": -0.46,
        "YD": 0,
        "x1": 1,
        "Y0p2": 0,
        "Ep2": 0
      },
      "Patron(3)-T+2": {
        "NET": -0.99,
        "W10": 0.53,
        "W11": 0.2,
        "W12": -0.46,
        "YD": 1,
        "x2": -1,
        "Y0p3": 0,
        "Ep3": 1
      }
    },
    "Epoca 4": {
      "Patron(1)-T+3": {
        "NET": -0.03,
        "W10": 0.03,
        "W11": 0.2,
        "W12": 0.04,
        "YD": 0,
        "x0": 0,
        "Y0p1": 0,
        "Ep1": 0
      },
      "Patron(2)-T+3": {
        "NET": 0.17,
        "W10": 0.03,
        "W11": 0.2,
        "W12": 0.04,
        "YD": 0,
        "x1": 1,
        "Y0p2": 1,
        "Ep2": -1
      }
    },
    "Epoca 5": {
      "Patron(1)-T+4": {
        "NET": -0.53,
        "W10": 0.53,
        "W11": -0.3,
        "W12": 0.04,
        "YD": 0,
        "x0": 0,
        "Y0p1": 0,
        "Ep1": 0
      },
      "Patron(2)-T+4": {
        "NET": -0.8300000000000001,
        "W10": 0.53,
        "W11": -0.3,
        "W12": 0.04,
        "YD": 0,
        "x1": 1,
        "Y0p2": 0,
        "Ep2": 0
      },
      "Patron(3)-T+4": {
        "NET": -0.49000000000000005,
        "W10": 0.53,
        "W11": -0.3,
        "W12": 0.04,
        "YD": 1,
        "x2": -1,
        "Y0p3": 0,
        "Ep3": 1
      }
    },
    "Epoca 6": {
      "Patron(1)-T+5": {
        "NET": -0.03,
        "W10": 0.03,
        "W11": -0.3,
        "W12": 0.54,
        "YD": 0,
        "x0": 0,
        "Y0p1": 0,
        "Ep1": 0
      },
      "Patron(2)-T+5": {
        "NET": -0.32999999999999996,
        "W10": 0.03,
        "W11": -0.3,
        "W12": 0.54,
        "YD": 0,
        "x1": 1,
        "Y0p2": 0,
        "Ep2": 0
      },
      "Patron(3)-T+5": {
        "NET": 0.51,
        "W10": 0.03,
        "W11": -0.3,
        "W12": 0.54,
        "YD": 1,
        "x2": -1,
        "Y0p3": 1,
        "Ep3": 0
      },
      "Patron(4)-T+5": {
        "NET": 0.21000000000000008,
        "W10": 0.03,
        "W11": -0.3,
        "W12": 0.54,
        "YD": 1,
        "x3": 1,
        "Y0p4": 1,
        "Ep4": 0
      }
    },
    "Pesos ideales: ": {
      "w10": 0.03,
      "w11": -0.3,
      "w12": 0.54
    }
  },
  "Compuerta XOR": {
    "Epoca 1": {
      "Patron(1)-T+0": {
        "NET": -0.97,
        "W10": 0.97,
        "W11": -0.34,
        "W12": -0.44,
        "YD": 0,
        "x0": 0,
        "Y0p1": 0,
        "Ep1": 0
      },
      "Patron(2)-T+0": {
        "NET": -1.41,
        "W10": 0.97,
        "W11": -0.34,
        "W12": -0.44,
        "YD": 1,
        "x1": 0,
        "Y0p2": 0,
        "Ep2": 1
      }
    },
    "Epoca 2": {
      "Patron(1)-T+1": {
        "NET": -0.47,
        "W10": 0.47,
        "W11": -0.34,
        "W12": 0.06,
        "YD": 0,
        "x0": 0,
        "Y0p1": 0,
        "Ep1": 0
      },
      "Patron(2)-T+1": {
        "NET": -0.41,
        "W10": 0.47,
        "W11": -0.34,
        "W12": 0.06,
        "YD": 1,
        "x1": 0,
        "Y0p2": 0,