{
  "Epoca 1": {
    "Patron(1)-T+0": {
      "NET": 0.91,
      "W10": -0.91,
      "YD": 0,
      "x0": 0,
      "Y0p1": 1,
      "Ep1": -1
    }
  },
  "Epoca 2": {
    "Patron(1)-T+1": {
      "NET": 0.41,
      "W10": -0.41,
      "YD": 0,
      "x0": 0,
      "Y0p1": 1,
      "Ep1": -1
    }
  },
  "Epoca 3": {
    "Patron(1)-T+2": {
      "NET": -0.09,
      "W10": 0.09,
      "YD": 0,
      "x0": 0,
      "Y0p1": 0,
      "Ep1": 0
    },
    "Patron(2)-T+2": {
      "NET": -1.06,
      "W11": -0.97,
      "YD": 1,
      "x1": 1,
      "Y0p2": 0,
      "Ep2": 1
    }
  },
  "Epoca 4": {
    "Patron(1)-T+3": {
      "NET": 0.41,
      "W10": -0.41,
      "YD": 0,
      "x0": 0,
      "Y0p1": 1,
      "Ep1": -1
    }
  },
  "Epoca 5": {
    "Patron(1)-T+4": {
      "NET": -0.09,
      "W10": 0.09,
      "YD": 0,
      "x0": 0,
      "Y0p1": 0,
      "Ep1": 0
    },
    "Patron(2)-T+4": {
      "NET": -0.5599999999999999,
      "W11": -0.47,
      "YD": 1,
      "x1": 1,
      "Y0p2": 0,
      "Ep2": 1
    }
  },
  "Epoca 6": {
    "Patron(1)-T+5": {
      "NET": 0.41,
      "W10": -0.41,
      "YD": 0,
      "x0": 0,
      "Y0p1": 1,
      "Ep1": -1
    }
  },
  "Epoca 7": {
    "Patron(1)-T+6": {
      "NET": -0.09,
      "W10": 0.09,
      "YD": 0,
      "x0": 0,
      "Y0p1": 0,
      "Ep1": 0
    },
    "Patron(2)-T+6": {
      "NET": -0.06,
      "W11": 0.03,
      "YD": 1,
      "x1": 1,
      "Y0p2": 0,
      "Ep2": 1
    }
  },
  "Epoca 8": {
    "Patron(1)-T+7": {
      "NET": 0.41,
      "W10": -0.41,
      "YD": 0,
      "x0": 0,
      "Y0p1": 1,
      "Ep1": -1
    }
  },
  "Epoca 9": {
    "Patron(1)-T+8": {
      "NET": -0.09,
      "W10": 0.09,
      "YD": 0,
      "x0": 0,
      "Y0p1": 0,
      "Ep1": 0
    },
    "Patron(2)-T+8": {
      "NET": 0.44000000000000006,
      "W11": 0.53,
      "YD": 1,
      "x1": 1,
      "Y0p2": 1,
      "Ep2": 0
    },
    "Patron(3)-T+8": {
      "NET": -0.6599999999999999,
      "W12": -0.57,
      "YD": 1,
      "x2": -1,
      "Y0p3": 0,
      "Ep3": 1
    }
  },
  "Epoca 10": {
    "Patron(1)-T+9": {
      "NET": 0.41,
      "W10": -0.41,
      "YD": 0,
      "x0": 0,
      "Y0p1": 1,
      "Ep1": -1
    }
  },
  "Epoca 11": {
    "Patron(1)-T+10": {
      "NET": -0.09,
      "W10": 0.09,
      "YD": 0,
      "x0": 0,
      "Y0p1": 0,
      "Ep1": 0
    },
    "Patron(2)-T+10": {
      "NET": 0.44000000000000006,
      "W11": 0.53,
      "YD": 1,
      "x1": 1,
      "Y0p2": 1,
      "Ep2": 0
    },
    "Patron(3)-T+10": {
      "NET": -0.16,
      "W12": -0.07,
      "YD": 1,
      "x2": -1,
      "Y0p3": 0,
      "Ep3": 1
    }
  },
  "Epoca 12": {
    "Patron(1)-T+11": {
      "NET": 0.41,
      "W10": -0.41,
      "YD": 0,
      "x0": 0,
      "Y0p1": 1,
      "Ep1": -1
    }
  },
  "Epoca 13": {
    "Patron(1)-T+12": {
      "NET": -0.09,
      "W10": 0.09,
      "YD": 0,
      "x0": 0,
      "Y0p1": 0,
      "Ep1": 0
    },
    "Patron(2)-T+12": {
      "NET": 0.44000000000000006,
      "W11": 0.53,
      "YD": 1,
      "x1": 1,
      "Y0p2": 1,
      "Ep2": 0
    },
    "Patron(3)-T+12": {
      "NET": 0.33999999999999997,
      "W12": 0.43,
      "YD": 1,
      "x2": -1,
      "Y0p3": 1,
      "Ep3": 0
    },
    "Patron(4)-T+12": {
      "NET": 0.8700000000000001,
      "YD": 1,
      "x3": 1,
      "Y0p4": 1,
      "Ep4": 0
    }
  },
  "Pesos ideales: ": {
    "w10": 0.09,
    "w11": 0.53,
    "w12": 0.43
  }
}