{
  "Compuerta Y1": {
    "Epoca 1": {
      "Patron(1)-T+0": {
        "NET": -0.17,
        "W10": 0.17,
        "W11": 0.93,
        "W12": -0.79,
        "YD": 0,
        "x0": 0,
        "Y0p1": 0,
        "Ep1": 0
      },
      "Patron(2)-T+0": {
        "NET": 0.76,
        "W10": 0.17,
        "W11": 0.93,
        "W12": -0.79,
        "YD": 1,
        "x1": 1,
        "Y0p2": 1,
        "Ep2": 0
      },
      "Patron(3)-T+0": {
        "NET": -0.9600000000000001,
        "W10": 0.17,
        "W11": 0.93,
        "W12": -0.79,
        "YD": 0,
        "x2": -1,
        "Y0p3": 0,
        "Ep3": 0
      },
      "Patron(4)-T+0": {
        "NET": -0.030000000000000027,
        "W10": 0.17,
        "W11": 0.93,
        "W12": -0.79,
        "YD": 0,
        "x3": 0,
        "Y0p4": 0,
        "Ep4": 0
      }
    },
    "Pesos ideales: ": {
      "w10": 0.17,
      "w11": 0.93,
      "w12": -0.79
    }
  },
  "Compuerta Y2": {
    "Epoca 1": {
      "Patron(1)-T+0": {
        "NET": -0.89,
        "W10": 0.89,
        "W11": -0.03,
        "W12": -0.37,
        "YD": 0,
        "x0": 0,
        "Y0p1": 0,
        "Ep1": 0
      },
      "Patron(2)-T+0": {
        "NET": -0.92,
        "W10": 0.89,
        "W11": -0.03,
        "W12": -0.37,
        "YD": 0,
        "x1": 1,
        "Y0p2": 0,
        "Ep2": 0
      },
      "Patron(3)-T+0": {
        "NET": -1.26,
        "W10": 0.89,
        "W11": -0.03,
        "W12": -0.37,
        "YD": 1,
        "x2": -1,
        "Y0p3": 0,
        "Ep3": 1
      }
    },
    "Epoca 2": {
      "Patron(1)-T+1": {
        "NET": -0.39,
        "W10": 0.39,
        "W11": -0.03,
        "W12": 0.13,
        "YD": 0,
        "x0": 0,
        "Y0p1": 0,
        "Ep1": 0
      },
      "Patron(2)-T+1": {
        "NET": -0.42000000000000004,
        "W10": 0.39,
        "W11": -0.03,
        "W12": 0.13,
        "YD": 0,
        "x1": 1,
        "Y0p2": 0,
        "Ep2": 0
      },
      "Patron(3)-T+1": {
        "NET": -0.26,
        "W10": 0.39,
        "W11": -0.03,
        "W12": 0.13,
        "YD": 1,
        "x2": -1,
        "Y0p3": 0,
        "Ep3": 1
      }
    },
    "Epoca 3": {
      "Patron(1)-T+2": {
        "NET": 0.11,
        "W10": -0.11,
        "W11": -0.03,
        "W12": 0.63,
        "YD": 0,
        "x0": 0,
        "Y0p1": 1,
        "Ep1": -1
      }
    },
    "Epoca 4": {
      "Patron(1)-T+3": {
        "NET": -0.39,
        "W10": 0.39,
        "W11": -0.03,
        "W12": 0.63,
        "YD": 0,
        "x0": 0,
        "Y0p1": 0,
        "Ep1": 0
      },
      "Patron(2)-T+3": {
        "NET": -0.42000000000000004,
        "W10": 0.39,
        "W11": -0.03,
        "W12": 0.63,
        "YD": 0,
        "x1": 1,
        "Y0p2": 0,
        "Ep2": 0
      },
      "Patron(3)-T+3": {
        "NET": 0.24,
        "W10": 0.39,
        "W11": -0.03,
        "W12": 0.63,
        "YD": 1,
        "x2": -1,
        "Y0p3": 1,
        "Ep3": 0
      },
      "Patron(4)-T+3": {
        "NET": 0.20999999999999996,
        "W10": 0.39,
        "W11": -0.03,
        "W12": 0.63,
        "YD": 1,
        "x3": 1,
        "Y0p4": 1,
        "Ep4": 0
      }
    },
    "Pesos ideales: ": {
      "w10": 0.39,
      "w11": -0.03,
      "w12": 0.63
    }
  },
  "Compuerta XOR": {
    "Epoca 1": {
      "Patron(1)-T+0": {
        "NET": -0.75,
        "W10": 0.75,
        "W11": -0.28,
        "W12": -0.87,
        "YD": 0,
        "x0": 0,
        "Y0p1": 0,
        "Ep1": 0
      },
      "Patron(2)-T+0": {
        "NET": -1.62,
        "W10": 0.75,
        "W11": -0.28,
        "W12": -0.87,
        "YD": 1,
        "x1": 0,
        "Y0p2": 0,
        "Ep2": 1
      }
    },
    "Epoca 2": {
      "Patron(1)-T+1": {
        "NET": -0.25,
        "W10": 0.25,
        "W11": -0.28,
        "W12": -0.37,
        "YD": 0,
        "x0": 0,
        "Y0p1": 0,
        "Ep1": 0
      },
      "Patron(2)-T+1": {
        "NET": -0.62,
        "W10": 0.25,
        "W11": -0.28,
        "W12": -0.37,
        "YD": 1,
        "x1": 0,
        "Y0p2": 0,
        "Ep2": 1
      }
    },
    "Epoca 3": {
      "Patron(1)-T+2": {
        "NET": 0.25,
        "W10": -0.25,
        "W11": -0.28,
        "W12": 0.13,
        "YD": 0,
        "x0": 0,
        "Y0p1": 1,
        "Ep1": -1
      }
    },
    "Epoca 4": {
      "Patron(1)-T+3": {
        "NET": -0.25,
        "W10": 0.25,
        "W11": -0.28,
        "W12": 0.13,
        "YD": 0,
        "x0": 0,
        "Y0p1": 0,
        "Ep1": 0
      },
      "Patron(2)-T+3": {
        "NET": -0.12,
        "W10": 0.25,
        "W11": -0.28,
        "W12": 0.13,
        "YD": 1,
        "x1": 0,
        "Y0p2": 0,
        "Ep2": 1
      }
    },
    "Epoca 5": {
      "Patron(1)-T+4": {
        "NET": 0.25,
        "W10": -0.25,
        "W11": -0.28,
        "W12": 0.63,
        "YD": 0,
        "x0": 0,
        "Y0p1": 1,
        "Ep1": -1
      }
    },
    "Epoca 6": {
      "Patron(1)-T+5": {
        "NET": -0.25,
        "W10": 0.25,
        "W11": -0.28,
        "W12": 0.63,
        "YD": 0,
        "x0": 0,
        "Y0p1": 0,
        "Ep1": 0
      },
      "Patron(2)-T+5": {
        "NET": 0.38,
        "W10": 0.25,
        "W11": -0.28,
        "W12": 0.63,
        "YD": 1,
        "x1": 0,
        "Y0p2": 1,
        "Ep2": 0
      },
      "Patron(3)-T+5": {
        "NET": -0.53,
        "W10": 0.25,
        "W11": -0.28,
        "W12": 0.63,
        "YD": 1,
        "x2": -1,
        "Y0p3": 0,
        "Ep3": 1
      }
    },
    "Epoca 7": {
      "Patron(1)-T+6": {
        "NET": 0.25,
        "W10": -0.25,
        "W11": 0.22,
        "W12": 0.63,
        "YD": 0,
        "x0": 0,
        "Y0p1": 1,
        "Ep1": -1
      }
    },
    "Epoca 8": {
      "Patron(1)-T+7": {
        "NET": -0.25,
        "W10": 0.25,
        "W11": 0.22,
        "W12": 0.63,
        "YD": 0,
        "x0": 0,
        "Y0p1": 0,
        "Ep1": 0
      },
      "Patron(2)-T+7": {
        "NET": 0.38,
        "W10": 0.25,
        "W11": 0.22,
        "W12": 0.63,
        "YD": 1,
        "x1": 0,
        "Y0p2": 1,
        "Ep2": 0
      },
      "Patron(3)-T+7": {
        "NET": -0.03,
        "W10": 0.25,
        "W11": 0.22,
        "W12": 0.63,
        "YD": 1,
        "x2": -1,
        "Y0p3": 0,
        "Ep3": 1
      }
    },
    "Epoca 9": {
      "Patron(1)-T+8": {
        "NET": 0.25,
        "W10": -0.25,
        "W11": 0.72,
        "W12": 0.63,
        "YD": 0,
        "x0": 0,
        "Y0p1": 1,
        "Ep1": -1
      }
    },
    "Epoca 10": {
      "Patron(1)-T+9": {
        "NET": -0.25,
        "W10": 0.25,
        "W11": 0.72,
        "W12": 0.63,
        "YD": 0,
        "x0": 0,
        "Y0p1": 0,
        "Ep1": 0
      },
      "Patron(2)-T+9": {
        "NET": 0.38,
        "W10": 0.25,
        "W11": 0.72,
        "W12": 0.63,
        "YD": 1,
        "x1": 0,
        "Y0p2": 1,
        "Ep2": 0
      },
      "Patron(3)-T+9": {
        "NET": 0.47,
        "W10": 0.25,
        "W11": 0.72,
        "W12": 0.63,
        "YD": 1,
        "x2": -1,
        "Y0p3": 1,
        "Ep3": 0
      },
      "Patron(4)-T+9": {
        "NET": -0.25,
        "W10": 0.25,
        "W11": 0.72,
        "W12": 0.63,
        "YD": 0,
        "x3": 0,
        "Y0p4": 0,
        "Ep4": 0
      }
    },
    "Pesos ideales: ": {
      "w10": 0.25,
      "w11": 0.72,
      "w12": 0.63
    }
  }
}